{"stats":{"minecraft:killed_by":{"minecraft:player":1},"minecraft:crafted":{"regions_unexplored:blackwood_planks":24,"soulsweapons:guts_sword":1,"minecraft:wooden_pickaxe":1,"minecraft:birch_planks":24,"minecraft:stick":8,"minecraft:iron_block":6,"minecraft:chest":2,"minecraft:torch":4},"minecraft:mined":{"minecraft:spruce_planks":3,"minecraft:red_bed":1,"minecraft:spruce_trapdoor":1,"minecraft:crafting_table":1,"minecraft:potted_dead_bush":1,"minecraft:grass_block":3,"regions_unexplored:blackwood_log":7,"promenade:sakura_planks":5,"minecraft:wall_torch":9,"minecraft:birch_log":6,"minecraft:fire":1,"minecraft:lilac":1,"regions_unexplored:sandy_grass":2,"minecraft:grass":2,"minecraft:coal_ore":1,"minecraft:dirt":5,"minecraft:cobweb":3,"minecraft:polished_andesite":2,"twigs:opaline_seashell":1,"minecraft:fern":1},"minecraft:dropped":{"minecraft:iron_ingot":7,"minecraft:iron_sword":4,"minecraft:sweet_berries":4,"minecraft:wheat_seeds":2,"rogues:rogue_armor_legs":1,"minecraft:stone_sword":1,"minecraft:glass_bottle":3,"minecraft:crossbow":1,"extraspellattributes:goldquartzring":1,"minecraft:golden_axe":1,"minecraft:rotten_flesh":4,"promenade:sakura_planks":1,"travelersbackpack:standard":3,"paladins:holy_staff":1,"beachparty:rubber_ring_axolotl":3,"minecraft:cobweb":18,"simplyswords:diamond_katana":1,"minecraft:flower_pot":3,"minecraft:bundle":3,"minecraft:spruce_planks":1,"minecraft:iron_chestplate":2,"minecraft:potion":5,"minecraft:iron_leggings":1,"minecraft:stone_bricks":2,"minecraft:painting":1,"minecraft:arrow":5,"minecraft:bow":6,"minecraft:wooden_pickaxe":2,"twigs:opaline_seashell":1,"botania:black_lotus":1,"twigs:twig":17,"simplyswords:gold_halberd":1},"minecraft:broken":{"minecraft:iron_boots":1,"minecraft:iron_helmet":1},"minecraft:custom":{"minecraft:interact_with_smithing_table":4,"minecraft:interact_with_furnace":1,"lootr:looted_stat":68,"minecraft:mob_kills":97,"minecraft:interact_with_crafting_table":13,"minecraft:damage_dealt_resisted":0,"minecraft:leave_game":4,"minecraft:time_since_death":123854,"minecraft:hex":0,"minecraft:climb_one_cm":4874,"minecraft:damage_resisted":0,"minecraft:time_since_rest":123884,"minecraft:sprint_one_cm":144188,"minecraft:damage_absorbed":40,"minecraft:damage_taken":6898,"minecraft:walk_one_cm":462697,"minecraft:damage_blocked_by_shield":435,"minecraft:drop":68,"minecraft:damage_dealt":21857,"minecraft:play_noteblock":1,"minecraft:swim_one_cm":10509,"minecraft:play_time":155721,"minecraft:fly_one_cm":151549,"minecraft:open_chest":3,"minecraft:crouch_one_cm":14801,"minecraft:deaths":5,"minecraft:sneak_time":4938,"minecraft:walk_under_water_one_cm":48334,"minecraft:interact_with_brewingstand":4,"minecraft:jump":1377,"minecraft:walk_on_water_one_cm":72212,"minecraft:total_world_time":155721,"minecraft:fall_one_cm":79275},"minecraft:used":{"simplyswords:iron_spear":9,"simplyswords:diamond_katana":80,"minecraft:leather_leggings":1,"minecraft:stone_sword":7,"simplyswords:gold_halberd":16,"minecraft:birch_planks":16,"minecraft:polished_andesite":2,"minecraft:wooden_pickaxe":3,"minecraft:shield":8,"minecraft:iron_sword":28,"minecraft:leather_boots":1,"minecraft:golden_apple":1,"minecraft:iron_chestplate":4,"minecraft:torch":13,"minecraft:dirt":6,"minecraft:crafting_table":1,"promenade:sakura_planks":1,"friendsandfoes:totem_of_illusion":1,"minecraft:bread":24,"minecraft:iron_helmet":1,"archers:iron_spear":33,"soulsweapons:guts_sword":43,"simplyswords:wickpiercer":377,"regions_unexplored:blackwood_planks":4,"travelersbackpack:standard":2,"minecraft:magenta_terracotta":1,"minecraft:diamond_leggings":1,"beachparty:rubber_ring_pelican":4,"minecraft:iron_leggings":1,"regions_unexplored:blackwood_log":1},"minecraft:killed":{"minecraft:evoker":4,"minecraft:vex":41,"minecraft:vindicator":8,"minecraft:spider":1,"minecraft:iron_golem":1,"minecraft:phantom":4,"minecraft:sheep":1,"minecraft:skeleton":4,"minecraft:pillager":16,"tinyskeletons:baby_skeleton":1,"minecraft:zombie":8,"minecraft:illusioner":6,"minecraft:piglin_brute":2},"minecraft:picked_up":{"minecraft:birch_log":6,"endrem:magical_eye":1,"minecraft:crafting_table":1,"simplyswords:diamond_katana":2,"friendsandfoes:totem_of_illusion":4,"minecraft:wooden_pickaxe":1,"minecraft:potion":3,"paladins:holy_staff":1,"minecraft:golden_sword":1,"minecraft:magenta_terracotta":3,"minecraft:string":2,"minecraft:dirt":6,"minecraft:red_bed":1,"minecraft:iron_axe":1,"minecraft:iron_leggings":1,"minecraft:bone":2,"twigs:opaline_seashell":2,"minecraft:stone_bricks":2,"minecraft:bow":4,"minecraft:wheat_seeds":2,"minecraft:spruce_planks":3,"minecraft:iron_ingot":5,"rogues:rogue_armor_legs":1,"minecraft:poppy":1,"minecraft:glass_bottle":3,"twigs:twig":15,"minecraft:spruce_trapdoor":1,"minecraft:iron_sword":3,"minecraft:oak_planks":2,"regions_unexplored:blackwood_log":7,"minecraft:sweet_berries":3,"patchouli:guide_book":1,"minecraft:torch":9,"minecraft:granite_slab":1,"minecraft:carrot":1,"botania:black_lotus":1,"minecraft:bundle":2,"promenade:sakura_planks":4,"travelersbackpack:standard":4,"minecraft:polished_andesite":2,"minecraft:arrow":13,"minecraft:rotten_flesh":8,"minecraft:chainmail_leggings":1,"minecraft:hay_block":3,"minecraft:crossbow":1,"minecraft:bread":64,"minecraft:emerald":8,"minecraft:totem_of_undying":3,"minecraft:coal":1,"minecraft:white_wool":1}},"DataVersion":3465}