{"stats":{"minecraft:killed_by":{"minecraft:player":1},"minecraft:crafted":{"regions_unexplored:blackwood_planks":24,"soulsweapons:guts_sword":1,"minecraft:chest":2,"minecraft:wooden_pickaxe":1,"minecraft:birch_planks":24,"minecraft:stick":8,"minecraft:iron_block":6,"minecraft:torch":4},"minecraft:mined":{"minecraft:spruce_planks":3,"minecraft:spruce_trapdoor":5,"minecraft:potted_dead_bush":1,"minecraft:grass_block":3,"minecraft:hay_block":2,"minecraft:dark_oak_trapdoor":2,"minecraft:fire":1,"minecraft:dark_oak_stairs":1,"twigs:opaline_seashell":1,"minecraft:red_bed":1,"minecraft:crafting_table":1,"regions_unexplored:blackwood_log":7,"minecraft:tall_grass":1,"promenade:sakura_planks":5,"minecraft:wall_torch":9,"minecraft:spruce_stairs":1,"minecraft:birch_log":6,"minecraft:lilac":1,"regions_unexplored:sandy_grass":2,"minecraft:grass":2,"minecraft:coal_ore":1,"minecraft:dirt":5,"minecraft:cobweb":3,"minecraft:polished_andesite":2,"minecraft:fern":1},"minecraft:dropped":{"minecraft:water_bucket":1,"minecraft:iron_ingot":7,"minecraft:iron_sword":4,"minecraft:dark_oak_stairs":5,"minecraft:wheat_seeds":2,"rogues:rogue_armor_legs":1,"minecraft:glass_bottle":4,"minecraft:cookie":1,"minecraft:crossbow":1,"minecraft:golden_axe":1,"extraspellattributes:goldquartzring":1,"promenade:sakura_planks":1,"minecraft:book":1,"minecraft:spruce_stairs":1,"travelersbackpack:standard":3,"minecraft:item_frame":1,"minecraft:cobweb":18,"minecraft:dark_oak_trapdoor":4,"beachparty:rubber_ring_pelican":1,"minecraft:potion":5,"minecraft:iron_leggings":1,"minecraft:iron_axe":1,"minecraft:string":3,"twigs:opaline_seashell":1,"minecraft:white_wool":2,"twigs:twig":17,"minecraft:sweet_berries":4,"minecraft:stone_sword":1,"minecraft:dark_oak_sign":2,"minecraft:rotten_flesh":8,"prominent_ost:music_disc_iv":1,"minecraft:carrot":1,"paladins:holy_staff":1,"beachparty:rubber_ring_axolotl":3,"minecraft:poppy":2,"minecraft:hay_block":2,"minecraft:flower_pot":4,"simplyswords:diamond_katana":1,"extraspellattributes:goldquartzamulet":1,"minecraft:spruce_trapdoor":7,"minecraft:spruce_planks":1,"minecraft:bundle":3,"minecraft:iron_chestplate":2,"minecraft:spider_eye":1,"minecraft:stone_bricks":2,"minecraft:painting":1,"minecraft:basalt":1,"minecraft:arrow":10,"minecraft:bow":6,"minecraft:wooden_pickaxe":2,"botania:black_lotus":1,"simplyswords:gold_halberd":1},"minecraft:broken":{"minecraft:iron_boots":1,"minecraft:iron_helmet":1},"minecraft:custom":{"minecraft:interact_with_smithing_table":4,"lootr:looted_stat":79,"minecraft:mob_kills":110,"minecraft:open_barrel":2,"minecraft:interact_with_crafting_table":13,"minecraft:damage_dealt_resisted":0,"minecraft:leave_game":4,"minecraft:time_since_death":159854,"minecraft:climb_one_cm":5358,"minecraft:damage_resisted":0,"minecraft:sprint_one_cm":187109,"minecraft:walk_one_cm":575677,"minecraft:damage_blocked_by_shield":435,"minecraft:drop":97,"minecraft:play_noteblock":1,"minecraft:play_time":191721,"minecraft:deaths":5,"minecraft:sneak_time":6415,"minecraft:walk_under_water_one_cm":50436,"minecraft:jump":1739,"minecraft:interact_with_brewingstand":4,"minecraft:walk_on_water_one_cm":75988,"minecraft:total_world_time":191721,"minecraft:interact_with_furnace":1,"minecraft:sleep_in_bed":2,"minecraft:hex":0,"minecraft:time_since_rest":26815,"minecraft:damage_taken":8312,"minecraft:damage_absorbed":40,"minecraft:damage_dealt":24698,"minecraft:swim_one_cm":16076,"minecraft:fly_one_cm":223143,"minecraft:open_chest":3,"minecraft:crouch_one_cm":18328,"minecraft:fall_one_cm":102423},"minecraft:used":{"minecraft:stone_sword":7,"minecraft:chest":2,"minecraft:shield":8,"minecraft:iron_sword":28,"minecraft:iron_chestplate":5,"minecraft:torch":13,"minecraft:dirt":6,"friendsandfoes:totem_of_illusion":1,"minecraft:iron_helmet":1,"archers:iron_spear":33,"soulsweapons:guts_sword":43,"minecraft:totem_of_undying":1,"minecraft:barrel":5,"minecraft:magenta_terracotta":1,"comforts:sleeping_bag_white":2,"minecraft:iron_leggings":1,"regions_unexplored:blackwood_log":1,"simplyswords:iron_spear":9,"minecraft:leather_leggings":1,"simplyswords:gold_halberd":16,"simplyswords:diamond_katana":80,"minecraft:birch_planks":16,"minecraft:polished_andesite":2,"minecraft:wooden_pickaxe":3,"minecraft:leather_boots":1,"minecraft:golden_apple":1,"minecraft:crafting_table":1,"promenade:sakura_planks":1,"minecraft:bread":30,"simplyswords:wickpiercer":456,"regions_unexplored:blackwood_planks":4,"minecraft:potion":1,"travelersbackpack:standard":5,"beachparty:rubber_ring_pelican":5,"minecraft:diamond_leggings":1},"minecraft:killed":{"minecraft:evoker":4,"minecraft:vex":41,"minecraft:spider":3,"minecraft:vindicator":8,"minecraft:phantom":4,"minecraft:skeleton":4,"minecraft:illusioner":6,"minecraft:piglin_brute":2,"adventurez:orc":1,"mythicmobs:mushroom_thing":1,"minecraft:iron_golem":1,"minecraft:sheep":1,"minecraft:pillager":16,"tinyskeletons:baby_skeleton":1,"minecraft:zombie":17},"minecraft:picked_up":{"endrem:magical_eye":1,"minecraft:crafting_table":1,"minecraft:flower_pot":1,"simplyswords:diamond_katana":2,"minecraft:wooden_pickaxe":1,"friendsandfoes:totem_of_illusion":4,"minecraft:potion":4,"paladins:holy_staff":1,"minecraft:golden_sword":1,"minecraft:dark_oak_trapdoor":4,"minecraft:red_bed":1,"minecraft:string":5,"minecraft:iron_axe":1,"minecraft:item_frame":1,"minecraft:iron_leggings":1,"twigs:opaline_seashell":2,"comforts:sleeping_bag_white":3,"minecraft:spruce_planks":3,"rogues:rogue_armor_legs":1,"minecraft:poppy":2,"regions_unexplored:blackwood_log":7,"minecraft:spruce_trapdoor":8,"minecraft:torch":9,"minecraft:spruce_stairs":1,"minecraft:cookie":1,"minecraft:carrot":1,"botania:black_lotus":1,"promenade:sakura_planks":4,"minecraft:arrow":13,"minecraft:rotten_flesh":12,"minecraft:hay_block":5,"minecraft:totem_of_undying":3,"adventurez:orc_skin":1,"minecraft:white_wool":3,"minecraft:birch_log":6,"minecraft:basalt":1,"minecraft:water_bucket":1,"minecraft:magenta_terracotta":3,"minecraft:dirt":6,"minecraft:lantern":1,"minecraft:bone":3,"minecraft:stone_bricks":2,"minecraft:bow":4,"minecraft:wheat_seeds":2,"minecraft:iron_ingot":5,"minecraft:dark_oak_sign":2,"minecraft:glass_bottle":3,"twigs:twig":15,"minecraft:oak_planks":2,"minecraft:iron_sword":3,"minecraft:dark_oak_stairs":5,"prominent_ost:music_disc_iv":1,"minecraft:sweet_berries":3,"patchouli:guide_book":1,"minecraft:granite_slab":1,"ae2:quartz_block":1,"minecraft:barrel":5,"minecraft:spider_eye":1,"minecraft:bundle":2,"travelersbackpack:standard":4,"minecraft:polished_andesite":2,"minecraft:chainmail_leggings":1,"minecraft:crossbow":1,"minecraft:emerald":8,"minecraft:bread":64,"minecraft:coal":1}},"DataVersion":3465}