{"stats":{"minecraft:killed_by":{"minecraft:player":1},"minecraft:crafted":{"regions_unexplored:blackwood_planks":24,"soulsweapons:guts_sword":1,"minecraft:chest":2,"minecraft:wooden_pickaxe":1,"minecraft:birch_planks":24,"minecraft:stick":8,"minecraft:iron_block":6,"minecraft:torch":4},"minecraft:mined":{"minecraft:spruce_planks":3,"minecraft:spruce_trapdoor":1,"minecraft:potted_dead_bush":1,"minecraft:grass_block":3,"minecraft:fire":1,"twigs:opaline_seashell":1,"minecraft:red_bed":1,"minecraft:crafting_table":1,"regions_unexplored:blackwood_log":7,"minecraft:tall_grass":1,"promenade:sakura_planks":5,"minecraft:wall_torch":9,"minecraft:birch_log":6,"minecraft:lilac":1,"regions_unexplored:sandy_grass":2,"minecraft:grass":2,"minecraft:coal_ore":1,"minecraft:dirt":5,"minecraft:cobweb":3,"minecraft:polished_andesite":2,"minecraft:fern":1},"minecraft:dropped":{"minecraft:iron_ingot":7,"minecraft:iron_sword":4,"minecraft:wheat_seeds":2,"rogues:rogue_armor_legs":1,"minecraft:glass_bottle":3,"minecraft:crossbow":1,"minecraft:golden_axe":1,"extraspellattributes:goldquartzring":1,"promenade:sakura_planks":1,"minecraft:book":1,"travelersbackpack:standard":3,"minecraft:cobweb":18,"beachparty:rubber_ring_pelican":1,"minecraft:potion":5,"minecraft:iron_leggings":1,"minecraft:iron_axe":1,"minecraft:string":3,"twigs:opaline_seashell":1,"twigs:twig":17,"minecraft:sweet_berries":4,"minecraft:stone_sword":1,"minecraft:rotten_flesh":6,"prominent_ost:music_disc_iv":1,"minecraft:carrot":1,"paladins:holy_staff":1,"beachparty:rubber_ring_axolotl":3,"minecraft:poppy":1,"minecraft:flower_pot":3,"simplyswords:diamond_katana":1,"extraspellattributes:goldquartzamulet":1,"minecraft:spruce_planks":1,"minecraft:bundle":3,"minecraft:iron_chestplate":2,"minecraft:spider_eye":1,"minecraft:stone_bricks":2,"minecraft:painting":1,"minecraft:basalt":1,"minecraft:arrow":10,"minecraft:bow":6,"minecraft:wooden_pickaxe":2,"botania:black_lotus":1,"simplyswords:gold_halberd":1},"minecraft:broken":{"minecraft:iron_boots":1,"minecraft:iron_helmet":1},"minecraft:custom":{"minecraft:interact_with_smithing_table":4,"lootr:looted_stat":69,"minecraft:mob_kills":104,"minecraft:interact_with_crafting_table":13,"minecraft:damage_dealt_resisted":0,"minecraft:leave_game":4,"minecraft:time_since_death":135854,"minecraft:climb_one_cm":4874,"minecraft:damage_resisted":0,"minecraft:sprint_one_cm":155782,"minecraft:walk_one_cm":490473,"minecraft:damage_blocked_by_shield":435,"minecraft:drop":83,"minecraft:play_noteblock":1,"minecraft:play_time":167721,"minecraft:deaths":5,"minecraft:sneak_time":4993,"minecraft:walk_under_water_one_cm":50085,"minecraft:jump":1521,"minecraft:interact_with_brewingstand":4,"minecraft:walk_on_water_one_cm":74533,"minecraft:total_world_time":167721,"minecraft:interact_with_furnace":1,"minecraft:sleep_in_bed":2,"minecraft:hex":0,"minecraft:time_since_rest":2815,"minecraft:damage_taken":6932,"minecraft:damage_absorbed":40,"minecraft:damage_dealt":23122,"minecraft:swim_one_cm":16076,"minecraft:fly_one_cm":178114,"minecraft:open_chest":3,"minecraft:crouch_one_cm":14834,"minecraft:fall_one_cm":82176},"minecraft:used":{"minecraft:stone_sword":7,"minecraft:shield":8,"minecraft:iron_sword":28,"minecraft:iron_chestplate":5,"minecraft:torch":13,"minecraft:dirt":6,"friendsandfoes:totem_of_illusion":1,"minecraft:iron_helmet":1,"archers:iron_spear":33,"soulsweapons:guts_sword":43,"minecraft:magenta_terracotta":1,"comforts:sleeping_bag_white":2,"minecraft:iron_leggings":1,"regions_unexplored:blackwood_log":1,"simplyswords:iron_spear":9,"minecraft:leather_leggings":1,"simplyswords:gold_halberd":16,"simplyswords:diamond_katana":80,"minecraft:birch_planks":16,"minecraft:polished_andesite":2,"minecraft:wooden_pickaxe":3,"minecraft:leather_boots":1,"minecraft:golden_apple":1,"minecraft:crafting_table":1,"promenade:sakura_planks":1,"minecraft:bread":26,"simplyswords:wickpiercer":412,"regions_unexplored:blackwood_planks":4,"travelersbackpack:standard":3,"beachparty:rubber_ring_pelican":5,"minecraft:diamond_leggings":1},"minecraft:killed":{"minecraft:evoker":4,"minecraft:vex":41,"minecraft:spider":3,"minecraft:vindicator":8,"minecraft:phantom":4,"minecraft:skeleton":4,"minecraft:illusioner":6,"minecraft:piglin_brute":2,"mythicmobs:mushroom_thing":1,"minecraft:iron_golem":1,"minecraft:sheep":1,"minecraft:pillager":16,"tinyskeletons:baby_skeleton":1,"minecraft:zombie":12},"minecraft:picked_up":{"endrem:magical_eye":1,"minecraft:crafting_table":1,"simplyswords:diamond_katana":2,"minecraft:wooden_pickaxe":1,"friendsandfoes:totem_of_illusion":4,"minecraft:potion":3,"paladins:holy_staff":1,"minecraft:golden_sword":1,"minecraft:red_bed":1,"minecraft:string":5,"minecraft:iron_axe":1,"minecraft:iron_leggings":1,"twigs:opaline_seashell":2,"comforts:sleeping_bag_white":3,"minecraft:spruce_planks":3,"rogues:rogue_armor_legs":1,"minecraft:poppy":1,"regions_unexplored:blackwood_log":7,"minecraft:spruce_trapdoor":1,"minecraft:torch":9,"minecraft:carrot":1,"botania:black_lotus":1,"promenade:sakura_planks":4,"minecraft:arrow":13,"minecraft:rotten_flesh":10,"minecraft:hay_block":3,"minecraft:totem_of_undying":3,"minecraft:white_wool":1,"minecraft:birch_log":6,"minecraft:basalt":1,"minecraft:magenta_terracotta":3,"minecraft:dirt":6,"minecraft:bone":2,"minecraft:stone_bricks":2,"minecraft:bow":4,"minecraft:wheat_seeds":2,"minecraft:iron_ingot":5,"minecraft:glass_bottle":3,"twigs:twig":15,"minecraft:oak_planks":2,"minecraft:iron_sword":3,"prominent_ost:music_disc_iv":1,"minecraft:sweet_berries":3,"patchouli:guide_book":1,"minecraft:granite_slab":1,"minecraft:spider_eye":1,"minecraft:bundle":2,"travelersbackpack:standard":4,"minecraft:polished_andesite":2,"minecraft:chainmail_leggings":1,"minecraft:crossbow":1,"minecraft:emerald":8,"minecraft:bread":64,"minecraft:coal":1}},"DataVersion":3465}