{"stats":{"minecraft:killed_by":{"minecraft:player":1},"minecraft:crafted":{"regions_unexplored:blackwood_planks":24,"simplyswords:diamond_scythe":1,"soulsweapons:guts_sword":1,"travelersbackpack:diamond":1,"minecraft:chest":2,"minecraft:wooden_pickaxe":1,"minecraft:birch_planks":24,"minecraft:diamond_pickaxe":1,"minecraft:stick":16,"minecraft:iron_block":6,"minecraft:torch":4},"minecraft:mined":{"create:deepslate_zinc_ore":1,"minecraft:tuff":2,"minecraft:spruce_planks":3,"minecraft:deepslate_diamond_ore":5,"modern_industrialization:deepslate_antimony_ore":1,"minecraft:spruce_trapdoor":5,"minecraft:potted_dead_bush":1,"minecraft:grass_block":3,"minecraft:hay_block":2,"minecraft:dark_oak_trapdoor":2,"minecraft:fire":1,"minecraft:andesite":1,"techreborn:deepslate_lead_ore":3,"minecraft:deepslate_lapis_ore":14,"indrev:deepslate_nikolite_ore":4,"minecraft:dark_oak_stairs":1,"soulsweapons:moonstone_ore_deepslate":5,"modern_industrialization:deepslate_nickel_ore":2,"bewitchment:deepslate_salt_ore":6,"twigs:opaline_seashell":1,"regions_unexplored:redstone_bulb":3,"minecraft:deepslate_redstone_ore":13,"techreborn:deepslate_bauxite_ore":2,"modern_industrialization:deepslate_tungsten_ore":2,"minecraft:red_bed":1,"minecraft:amethyst_cluster":2,"minecraft:crafting_table":1,"things:deepslate_gleaming_ore":1,"minecraft:calcite":4,"techreborn:deepslate_tin_ore":1,"indrev:sulfur_crystal":2,"regions_unexplored:blackwood_log":7,"minecraft:tall_grass":1,"minecraft:sculk":6,"minecraft:deepslate_gold_ore":2,"promenade:sakura_planks":5,"minecraft:amethyst_block":12,"supplementaries:urn":1,"minecraft:wall_torch":9,"modern_industrialization:deepslate_lignite_coal_ore":2,"modern_industrialization:deepslate_uranium_ore":3,"powah:deepslate_uraninite_ore_poor":2,"minecraft:deepslate_copper_ore":1,"minecraft:spruce_stairs":1,"jewelry:deepslate_gem_vein":1,"regions_unexplored:redstone_bud":1,"minecraft:birch_log":6,"minecraft:lilac":1,"regions_unexplored:sandy_grass":2,"minecraft:oak_log":7,"minecraft:grass":6,"minecraft:coal_ore":1,"minecraft:dirt":5,"minecraft:cobweb":3,"minecraft:polished_andesite":2,"minecraft:deepslate":8,"minecraft:fern":1},"minecraft:dropped":{"minecraft:water_bucket":1,"minecraft:iron_ingot":7,"minecraft:iron_sword":4,"minecraft:dark_oak_stairs":12,"minecraft:wheat_seeds":2,"rogues:rogue_armor_legs":1,"minecraft:glass_bottle":4,"minecraft:dark_oak_slab":4,"minecraft:cobblestone":4,"minecraft:cookie":1,"minecraft:crossbow":1,"minecraft:golden_axe":1,"extraspellattributes:goldquartzring":1,"promenade:sakura_planks":1,"minecraft:book":1,"minecraft:spruce_stairs":5,"travelersbackpack:standard":3,"minecraft:red_carpet":2,"minecraft:item_frame":1,"minecraft:polished_andesite":3,"minecraft:cobweb":18,"minecraft:dark_oak_trapdoor":4,"beachparty:rubber_ring_pelican":1,"minecraft:potion":5,"minecraft:iron_leggings":1,"minecraft:iron_axe":1,"minecraft:string":3,"twigs:opaline_seashell":1,"minecraft:white_wool":2,"twigs:twig":17,"lootr:trophy":1,"minecraft:furnace":3,"minecraft:sweet_berries":4,"minecraft:stone_sword":1,"minecraft:cobbled_deepslate":20,"minecraft:dark_oak_sign":4,"minecraft:tuff":3,"minecraft:rotten_flesh":8,"prominent_ost:music_disc_iv":1,"minecraft:carrot":1,"paladins:holy_staff":1,"beachparty:rubber_ring_axolotl":3,"minecraft:poppy":2,"minecraft:hay_block":2,"minecraft:stone":2,"minecraft:flower_pot":5,"simplyswords:diamond_katana":1,"extraspellattributes:goldquartzamulet":1,"minecraft:spruce_trapdoor":7,"minecraft:spruce_planks":1,"minecraft:bundle":3,"minecraft:iron_chestplate":2,"minecraft:andesite":3,"minecraft:oak_sapling":2,"botania:yellow_mushroom":1,"minecraft:andesite_stairs":4,"minecraft:barrel":8,"minecraft:spider_eye":1,"minecraft:stone_bricks":3,"modern_industrialization:lignite_coal":1,"minecraft:painting":4,"minecraft:basalt":1,"minecraft:arrow":10,"minecraft:bow":6,"minecraft:wooden_pickaxe":2,"minecraft:calcite":4,"botania:black_lotus":1,"minecraft:cartography_table":1,"simplyswords:gold_halberd":1},"minecraft:broken":{"minecraft:iron_boots":1,"minecraft:iron_helmet":1},"minecraft:custom":{"minecraft:interact_with_smithing_table":4,"lootr:looted_stat":102,"minecraft:mob_kills":137,"minecraft:open_barrel":5,"minecraft:interact_with_crafting_table":18,"minecraft:damage_dealt_resisted":0,"minecraft:leave_game":4,"minecraft:time_since_death":213854,"minecraft:climb_one_cm":6166,"minecraft:damage_resisted":0,"minecraft:sprint_one_cm":259266,"minecraft:walk_one_cm":734455,"minecraft:damage_blocked_by_shield":435,"minecraft:drop":128,"minecraft:play_noteblock":1,"minecraft:play_time":245721,"minecraft:deaths":5,"minecraft:sneak_time":8860,"minecraft:walk_under_water_one_cm":50734,"minecraft:jump":2102,"minecraft:interact_with_brewingstand":5,"minecraft:interact_with_blast_furnace":1,"minecraft:walk_on_water_one_cm":79094,"minecraft:total_world_time":245721,"minecraft:interact_with_furnace":1,"minecraft:interact_with_cartography_table":1,"minecraft:sleep_in_bed":2,"minecraft:hex":0,"minecraft:time_since_rest":80815,"minecraft:damage_taken":8446,"minecraft:damage_absorbed":40,"minecraft:damage_dealt":31208,"minecraft:swim_one_cm":16076,"minecraft:fly_one_cm":255490,"minecraft:open_chest":27,"minecraft:crouch_one_cm":23494,"minecraft:fall_one_cm":109978},"minecraft:used":{"minecraft:stone_sword":7,"travelersbackpack:diamond":1,"minecraft:chest":2,"minecraft:shield":8,"minecraft:iron_sword":28,"minecraft:iron_chestplate":5,"minecraft:torch":13,"minecraft:dirt":6,"simplyswords:diamond_scythe":6,"friendsandfoes:totem_of_illusion":1,"minecraft:iron_helmet":1,"archers:iron_spear":33,"soulsweapons:guts_sword":43,"minecraft:totem_of_undying":1,"minecraft:barrel":5,"minecraft:magenta_terracotta":1,"comforts:sleeping_bag_white":2,"minecraft:iron_leggings":1,"regions_unexplored:blackwood_log":1,"simplyswords:iron_spear":9,"minecraft:leather_leggings":1,"simplyswords:gold_halberd":16,"simplyswords:diamond_katana":80,"minecraft:birch_planks":16,"minecraft:polished_andesite":2,"minecraft:wooden_pickaxe":3,"minecraft:leather_boots":1,"minecraft:golden_apple":1,"minecraft:crafting_table":1,"minecraft:oak_log":1,"promenade:sakura_planks":1,"minecraft:diamond_pickaxe":113,"minecraft:bread":34,"simplyswords:wickpiercer":572,"regions_unexplored:blackwood_planks":4,"minecraft:potion":1,"travelersbackpack:standard":8,"beachparty:rubber_ring_pelican":5,"minecraft:diamond_leggings":1},"minecraft:killed":{"minecraft:evoker":4,"minecraft:vex":41,"graveyard:skeleton_creeper":1,"adventurez:amethyst_golem":1,"minecraft:spider":7,"minecraft:vindicator":8,"minecraft:phantom":4,"minecraft:skeleton":16,"creeperoverhaul:cave_creeper":1,"minecraft:illusioner":6,"minecraft:piglin_brute":2,"adventurez:orc":1,"mythicmobs:mushroom_thing":1,"minecraft:iron_golem":1,"minecraft:creeper":2,"minecraft:sheep":1,"minecraft:pillager":16,"tinyskeletons:baby_skeleton":2,"minecraft:zombie":22},"minecraft:picked_up":{"regions_unexplored:pointed_redstone":1,"techreborn:raw_tin":2,"endrem:magical_eye":1,"modern_industrialization:lignite_coal":1,"minecraft:crafting_table":1,"things:gleaming_powder":1,"minecraft:flower_pot":1,"simplyswords:diamond_katana":2,"minecraft:wooden_pickaxe":1,"friendsandfoes:totem_of_illusion":4,"soulsweapons:moonstone":5,"minecraft:potion":4,"paladins:holy_staff":1,"minecraft:amethyst_block":12,"minecraft:golden_sword":1,"minecraft:raw_copper":4,"minecraft:dark_oak_trapdoor":4,"minecraft:red_bed":1,"minecraft:string":7,"minecraft:iron_axe":1,"minecraft:item_frame":1,"minecraft:iron_leggings":1,"twigs:opaline_seashell":2,"graveyard:corruption":1,"minecraft:cobbled_deepslate":20,"comforts:sleeping_bag_white":3,"minecraft:spruce_planks":3,"modern_industrialization:raw_uranium":3,"minecraft:andesite_stairs":2,"rogues:rogue_armor_legs":1,"minecraft:calcite":4,"minecraft:poppy":2,"regions_unexplored:blackwood_log":7,"minecraft:spruce_trapdoor":8,"minecraft:stone":2,"minecraft:torch":18,"minecraft:spruce_stairs":1,"minecraft:cookie":1,"minecraft:carrot":2,"minecraft:redstone":63,"botania:black_lotus":1,"promenade:sakura_planks":4,"minecraft:arrow":23,"minecraft:rotten_flesh":13,"regions_unexplored:redstone_bulb":2,"minecraft:hay_block":5,"minecraft:totem_of_undying":3,"adventurez:orc_skin":1,"minecraft:white_wool":3,"minecraft:birch_log":6,"modern_industrialization:raw_antimony":1,"minecraft:basalt":1,"minecraft:water_bucket":1,"minecraft:andesite":2,"minecraft:tuff":3,"minecraft:oak_log":7,"minecraft:gunpowder":3,"lootr:trophy":1,"minecraft:lapis_lazuli":91,"minecraft:magenta_terracotta":3,"minecraft:dirt":6,"minecraft:lantern":1,"botania:yellow_mushroom":2,"minecraft:red_carpet":2,"minecraft:bone":17,"minecraft:stone_bricks":2,"minecraft:bow":4,"minecraft:wheat_seeds":2,"minecraft:raw_gold":3,"minecraft:iron_ingot":5,"minecraft:dark_oak_sign":2,"jewelry:topaz":1,"techreborn:deepslate_bauxite_ore":2,"minecraft:glass_bottle":3,"twigs:twig":17,"minecraft:oak_planks":2,"minecraft:iron_sword":3,"minecraft:dark_oak_stairs":5,"modern_industrialization:raw_tungsten":2,"prominent_ost:music_disc_iv":1,"minecraft:sweet_berries":3,"patchouli:guide_book":1,"techreborn:raw_lead":3,"minecraft:amethyst_shard":10,"bewitchment:salt":9,"powah:uraninite_raw":2,"minecraft:granite_slab":1,"naturalist:duck_egg":1,"ae2:quartz_block":1,"minecraft:barrel":5,"minecraft:spider_eye":3,"indrev:sulfur_crystal":5,"minecraft:bundle":2,"travelersbackpack:standard":4,"minecraft:polished_andesite":5,"modern_industrialization:raw_nickel":2,"minecraft:diamond":5,"minecraft:chainmail_leggings":1,"minecraft:crossbow":1,"minecraft:emerald":8,"minecraft:bread":64,"indrev:nikolite_dust":19,"minecraft:oak_sapling":2,"minecraft:damaged_anvil":1,"minecraft:coal":1}},"DataVersion":3465}