{"stats":{"minecraft:killed_by":{"minecraft:evoker":2,"minecraft:vindicator":1,"minecraft:vex":1,"minecraft:skeleton":1},"minecraft:crafted":{"minecraft:oak_planks":16,"minecraft:glass":24,"minecraft:iron_boots":3,"promenade:sakura_planks":120,"minecraft:chest":2,"travelersbackpack:iron_tier_upgrade":1,"minecraft:crafting_table":9,"minecraft:wooden_pickaxe":1,"travelersbackpack:standard":6,"minecraft:iron_helmet":5,"minecraft:smithing_table":1,"minecraft:birch_planks":24,"minecraft:wooden_hoe":1,"minecraft:iron_chestplate":4,"minecraft:stick":12,"minecraft:iron_pickaxe":1,"minecraft:iron_ingot":27,"minecraft:iron_block":3,"comforts:sleeping_bag_white":2,"minecraft:furnace":2,"travelersbackpack:gold_tier_upgrade":2,"travelersbackpack:blank_upgrade":4,"minecraft:iron_axe":1,"minecraft:dark_oak_planks":136,"travelersbackpack:diamond_tier_upgrade":1,"minecraft:wheat":414,"travelersbackpack:backpack_tank":4,"minecraft:bucket":1,"minecraft:bread":138,"minecraft:air":0,"minecraft:white_wool":6,"minecraft:iron_leggings":5},"minecraft:mined":{"minecraft:dark_oak_planks":2,"minecraft:spruce_planks":3,"minecraft:andesite_stairs":2,"minecraft:spruce_trapdoor":28,"minecraft:granite":19,"minecraft:stone_brick_wall":1,"archon:cloud_iron":5,"modern_industrialization:lignite_coal_ore":5,"minecraft:coal_block":1,"archon:sky_node":5,"minecraft:gilded_blackstone":4,"minecraft:spawner":10,"minecraft:magma_block":4,"minecraft:mossy_cobblestone_stairs":2,"minecraft:dark_oak_trapdoor":5,"minecraft:iron_ore":1,"minecraft:barrel":16,"minecraft:potted_red_mushroom":1,"minecraft:granite_slab":2,"minecraft:dark_oak_stairs":13,"minecraft:enchanting_table":1,"minecraft:iron_bars":3,"minecraft:light_gray_concrete":3,"minecraft:iron_block":1,"minecraft:player_head":2,"lootr:lootr_chest":3,"minecraft:red_bed":3,"minecraft:blackstone":1,"minecraft:cobblestone":9,"minecraft:oak_planks":2,"minecraft:damaged_anvil":4,"minecraft:bricks":13,"minecraft:dark_oak_slab":3,"minecraft:birch_log":1,"minecraft:potted_poppy":1,"minecraft:stone_brick_stairs":1,"ae2:quartz_block":1,"minecraft:grass":1,"minecraft:sand":24,"minecraft:oak_leaves":2,"ae2:chipped_budding_quartz":2,"techreborn:sapphire_ore":1,"minecraft:red_carpet":12,"minecraft:mossy_cobblestone":13,"minecraft:dark_oak_leaves":1,"minecraft:purple_terracotta":2,"minecraft:jungle_planks":1,"minecraft:cartography_table":1,"minecraft:hay_block":49,"minecraft:furnace":3,"ae2:damaged_budding_quartz":4,"minecraft:andesite":3,"treechop:chopped_log":9,"ae2:mysterious_cube":1,"minecraft:mossy_stone_brick_stairs":1,"minecraft:bookshelf":8,"bewitchment:salt_ore":1,"ae2:sky_stone_block":2,"minecraft:stone":21,"fastpaintings:painting":31,"minecraft:smithing_table":1,"minecraft:oak_slab":3,"twigs:pebble":1,"promenade:sakura_log":1,"lootr:lootr_barrel":9,"minecraft:brown_carpet":1,"minecraft:basalt":3,"minecraft:polished_granite":3,"minecraft:crafting_table":1,"minecraft:rose_bush":1,"minecraft:lectern":1,"minecraft:tall_grass":1,"minecraft:red_glazed_terracotta":1,"promenade:sakura_planks":4,"minecraft:blue_bed":2,"minecraft:spruce_stairs":12,"ae2:flawless_budding_quartz":2,"minecraft:dark_oak_wall_sign":1,"minecraft:magenta_terracotta":5,"minecraft:spruce_log":1,"minecraft:birch_leaves":15,"regions_unexplored:sandy_grass":1,"minecraft:coal_ore":8,"minecraft:cobweb":27,"regions_unexplored:blackwood_leaves":4,"minecraft:terracotta":2,"minecraft:polished_andesite":83,"minecraft:stone_bricks":7},"minecraft:dropped":{"minecraft:brown_mushroom":2,"minecraft:porkchop":1,"minecraft:glass_bottle":2,"paladins:prior_robe_head":1,"minecraft:dark_oak_sapling":3,"minecraft:crossbow":2,"rogues:warrior_armor_head":1,"promenade:sakura_planks":13,"archon:sky_essence":4,"techreborn:rubber_sapling":2,"travelersbackpack:standard":5,"minecraft:red_mushroom":5,"rogues:iron_glaive":1,"minecraft:mutton":4,"minecraft:gold_nugget":6,"minecraft:phantom_membrane":1,"ftbquests:book":1,"minecraft:white_wool":2,"twigs:twig":10,"minecraft:bone":5,"paladins:priest_robe_head":1,"bewitchment:salt":1,"minecraft:birch_sapling":4,"minecraft:rotten_flesh":5,"minecraft:oak_planks":2,"minecraft:honey_bottle":13,"minecraft:tipped_arrow":6,"simplyswords:diamond_katana":1,"minecraft:gunpowder":1,"minecraft:skeleton_skull":1,"minecraft:basalt":3,"minecraft:iron_bars":2,"minecraft:arrow":9,"minecraft:beef":13,"minecraft:stone_brick_stairs":1,"botania:black_lotus":1,"minecraft:polished_granite":6,"minecraft:purple_carpet":5,"minecraft:water_bucket":2,"minecraft:bread":64,"minecraft:purple_terracotta":2,"adventurez:gilded_blackstone_shard":2,"minecraft:magenta_carpet":1,"minecraft:wheat_seeds":3,"rogues:rogue_armor_legs":2,"frostiful:wolf_fur_tuft":2,"minecraft:golden_axe":1,"minecraft:iron_helmet":2,"minecraft:cobblestone":5,"minecraft:granite":1,"minecraft:spruce_stairs":12,"techreborn:basic_machine_frame":2,"minecraft:polished_andesite":6,"minecraft:stick":2,"rogues:iron_sickle":2,"techreborn:rubber_log":7,"minecraft:wooden_hoe":1,"croptopia:lemon":11,"minecraft:rose_bush":3,"minecraft:potion":2,"minecraft:iron_leggings":3,"minecraft:chainmail_leggings":1,"minecraft:string":6,"minecraft:tripwire_hook":12,"minecraft:bucket":1,"promenade:cotton_sakura_sapling":6,"minecraft:stone_sword":1,"minecraft:raw_iron":1,"minecraft:iron_boots":3,"prominent_ost:music_disc_iv":1,"paladins:holy_staff":1,"minecraft:shield":2,"botania:lexicon":1,"minecraft:bundle":1,"minecraft:iron_chestplate":6,"minecraft:oak_sapling":5,"rogues:iron_dagger":1,"minecraft:golden_sword":1,"minecraft:stone_bricks":2,"minecraft:bow":3,"minecraft:blue_orchid":6,"minecraft:wooden_pickaxe":1,"minecraft:raw_gold":2,"minecraft:magma_block":4},"minecraft:broken":{"minecraft:iron_boots":3,"minecraft:iron_chestplate":2,"minecraft:iron_leggings":3,"minecraft:iron_sword":1,"minecraft:golden_axe":1,"minecraft:iron_pickaxe":1,"minecraft:iron_helmet":5},"minecraft:custom":{"lootr:looted_stat":111,"minecraft:interact_with_crafting_table":53,"minecraft:open_barrel":5,"minecraft:bell_ring":9,"minecraft:leave_game":2,"minecraft:time_since_death":100656,"minecraft:damage_resisted":0,"minecraft:sprint_one_cm":959212,"minecraft:damage_blocked_by_shield":651,"minecraft:drop":153,"minecraft:play_noteblock":1,"minecraft:play_time":281839,"minecraft:deaths":5,"minecraft:jump":4253,"minecraft:interact_with_brewingstand":3,"minecraft:walk_on_water_one_cm":102923,"minecraft:interact_with_furnace":17,"minecraft:sleep_in_bed":8,"minecraft:damage_dealt":48064,"minecraft:player_kills":1,"minecraft:crouch_one_cm":50934,"minecraft:interact_with_smithing_table":14,"minecraft:mob_kills":130,"minecraft:damage_dealt_resisted":0,"minecraft:climb_one_cm":10251,"minecraft:walk_one_cm":363178,"minecraft:sneak_time":19696,"minecraft:walk_under_water_one_cm":51931,"minecraft:total_world_time":281839,"minecraft:hex":0,"minecraft:time_since_rest":44815,"minecraft:damage_taken":10659,"minecraft:damage_absorbed":2197,"minecraft:swim_one_cm":113804,"minecraft:fly_one_cm":903798,"minecraft:open_chest":25,"minecraft:fall_one_cm":143594},"minecraft:used":{"fwaystones:waystone":1,"minecraft:ladder":2,"minecraft:chest":3,"minecraft:shield":5,"minecraft:iron_sword":282,"minecraft:mutton":5,"simplyswords:diamond_rapier":107,"minecraft:jungle_planks":1,"minecraft:bricks":6,"friendsandfoes:totem_of_illusion":7,"minecraft:lantern":2,"minecraft:iron_helmet":1,"minecraft:stone_bricks":4,"minecraft:item_frame":1,"minecraft:magma_block":4,"minecraft:brown_carpet":1,"rogues:iron_glaive":7,"minecraft:furnace":2,"minecraft:oak_sapling":2,"minecraft:damaged_anvil":2,"minecraft:oak_planks":11,"minecraft:wooden_pickaxe":25,"minecraft:mossy_stone_brick_stairs":1,"minecraft:blue_bed":1,"minecraft:white_wool":3,"minecraft:golden_apple":2,"minecraft:stone_brick_wall":1,"promenade:sakura_planks":88,"minecraft:light_gray_concrete":1,"minecraft:bread":103,"minecraft:granite_slab":3,"paladins:diamond_kite_shield":5,"minecraft:smithing_table":2,"minecraft:andesite":1,"minecraft:experience_bottle":20,"minecraft:enchanting_table":1,"minecraft:stone_sword":34,"minecraft:spruce_planks":3,"minecraft:spruce_stairs":7,"minecraft:granite":18,"minecraft:dark_oak_planks":76,"minecraft:iron_block":1,"minecraft:iron_axe":102,"ae2:sky_stone_block":2,"spellbladenext:fire_claymore":1260,"minecraft:totem_of_undying":3,"minecraft:barrel":12,"comforts:sleeping_bag_white":3,"minecraft:golden_axe":31,"techreborn:basic_machine_frame":1,"minecraft:water_bucket":93,"minecraft:birch_planks":23,"minecraft:polished_andesite":51,"minecraft:red_glazed_terracotta":1,"minecraft:terracotta":2,"minecraft:oak_slab":3,"minecraft:crafting_table":10,"minecraft:painting":28,"minecraft:wooden_hoe":49,"minecraft:iron_pickaxe":250,"minecraft:spruce_trapdoor":1,"minecraft:potion":1,"minecraft:cobblestone":5,"rogues:rogue_armor_legs":1,"travelersbackpack:standard":7,"minecraft:bucket":94,"mcdw:hammer_great_hammer":37},"minecraft:killed":{"minecraft:cave_spider":13,"graveyard:skeleton_creeper":1,"minecraft:spider":1,"minecraft:skeleton":7,"minecraft:silverfish":1,"minecraft:illusioner":9,"minecraft:piglin_brute":2,"minecraft:piglin":1,"minecraft:pig":1,"minecraft:creeper":1,"minecraft:sheep":4,"minecraft:pillager":21,"minecraft:zombie":4,"minecraft:cow":10,"minecraft:evoker":5,"minecraft:vex":10,"minecraft:vindicator":26,"mythicmobs:kobold":4,"graveyard:ghoul":3,"naturalist:bear":1,"minecraft:player":1},"minecraft:picked_up":{"minecraft:iron_chestplate":2,"minecraft:flower_pot":1,"minecraft:magenta_carpet":1,"minecraft:smithing_table":1,"minecraft:potion":1,"minecraft:gilded_blackstone":2,"minecraft:stone_brick_stairs":1,"minecraft:dark_oak_trapdoor":3,"minecraft:string":42,"minecraft:iron_leggings":1,"promenade:sakura_log":30,"minecraft:gold_nugget":6,"twigs:pebble":1,"comforts:sleeping_bag_white":2,"minecraft:spruce_planks":3,"minecraft:redstone_torch":1,"techreborn:rubber_log":7,"minecraft:coal_block":1,"ae2:flawed_budding_quartz":2,"minecraft:furnace":3,"minecraft:iron_boots":1,"minecraft:spruce_stairs":23,"minecraft:porkchop":1,"minecraft:golden_axe":1,"minecraft:brown_carpet":1,"ae2:sky_stone_block":2,"archon:sky_essence":4,"minecraft:rotten_flesh":7,"minecraft:iron_block":1,"minecraft:iron_bars":2,"minecraft:cobblestone":30,"minecraft:birch_log":6,"minecraft:enchanting_table":1,"minecraft:magma_block":8,"minecraft:water_bucket":2,"minecraft:andesite":3,"promenade:cotton_sakura_sapling":6,"adventurez:gilded_blackstone_shard":2,"ae2:damaged_budding_quartz":2,"minecraft:lantern":2,"minecraft:polished_granite":6,"minecraft:name_tag":1,"minecraft:purple_carpet":5,"minecraft:bone":5,"minecraft:bow":1,"minecraft:wheat_seeds":3,"minecraft:dark_oak_sign":2,"ae2:logic_processor_press":1,"mythicmobs:bronze_ingot":3,"twigs:twig":12,"minecraft:oak_planks":2,"minecraft:mossy_stone_brick_stairs":1,"minecraft:jungle_planks":1,"minecraft:sand":24,"minecraft:granite_slab":3,"ae2:quartz_block":4,"minecraft:dark_oak_log":34,"techreborn:rubber_sapling":4,"minecraft:barrel":20,"minecraft:mossy_cobblestone":13,"minecraft:bundle":1,"minecraft:light_gray_concrete":1,"minecraft:polished_andesite":93,"minecraft:soul_lantern":1,"minecraft:granite":19,"frostiful:wolf_fur_tuft":2,"minecraft:emerald":19,"minecraft:oak_sapling":7,"minecraft:bricks":12,"modern_industrialization:lignite_coal":5,"minecraft:crafting_table":1,"minecraft:ladder":2,"simplyswords:diamond_katana":1,"minecraft:brown_mushroom":7,"friendsandfoes:totem_of_illusion":11,"minecraft:stone_brick_wall":1,"ae2:silicon_press":1,"paladins:holy_staff":1,"minecraft:shield":1,"minecraft:red_bed":1,"minecraft:item_frame":1,"minecraft:blackstone":1,"minecraft:cartography_table":1,"minecraft:beef":18,"minecraft:andesite_stairs":2,"minecraft:player_head":1,"minecraft:iron_nugget":10,"minecraft:lectern":1,"minecraft:chest":3,"minecraft:birch_sapling":4,"minecraft:spruce_trapdoor":23,"minecraft:dark_oak_sapling":7,"minecraft:raw_iron":1,"fwaystones:waystone":1,"minecraft:purple_terracotta":2,"minecraft:dark_oak_planks":2,"botania:black_lotus":1,"promenade:sakura_planks":5,"minecraft:arrow":21,"minecraft:hay_block":46,"ae2:calculation_processor_press":1,"minecraft:totem_of_undying":5,"minecraft:mutton":10,"minecraft:white_wool":5,"minecraft:basalt":3,"minecraft:tripwire_hook":12,"rogues:iron_sickle":1,"minecraft:leather":8,"minecraft:red_glazed_terracotta":1,"minecraft:red_mushroom":8,"minecraft:oak_log":4,"minecraft:gunpowder":1,"minecraft:wooden_hoe":1,"minecraft:blue_bed":2,"minecraft:red_carpet":10,"minecraft:apple":3,"minecraft:stone_bricks":7,"minecraft:iron_ingot":7,"minecraft:glass_bottle":1,"minecraft:dark_oak_stairs":7,"minecraft:book":21,"minecraft:oak_slab":3,"minecraft:dark_oak_slab":4,"bewitchment:salt":1,"minecraft:spruce_log":1,"minecraft:spider_eye":2,"travelersbackpack:standard":4,"croptopia:lemon":11,"minecraft:painting":31,"minecraft:mossy_cobblestone_stairs":2,"ae2:engineering_processor_press":1,"minecraft:terracotta":2,"minecraft:damaged_anvil":4,"minecraft:coal":8}},"DataVersion":3465}