{"stats":{"minecraft:killed_by":{"minecraft:evoker":2,"minecraft:vindicator":1,"minecraft:skeleton":1,"minecraft:vex":1},"minecraft:crafted":{"minecraft:oak_planks":16,"comforts:sleeping_bag_white":2,"minecraft:furnace":2,"travelersbackpack:blank_upgrade":4,"travelersbackpack:gold_tier_upgrade":2,"minecraft:glass":24,"minecraft:iron_boots":3,"promenade:sakura_planks":120,"minecraft:chest":2,"minecraft:dark_oak_planks":136,"travelersbackpack:diamond_tier_upgrade":1,"minecraft:wheat":414,"travelersbackpack:iron_tier_upgrade":1,"minecraft:crafting_table":7,"travelersbackpack:backpack_tank":4,"minecraft:wooden_pickaxe":1,"minecraft:iron_helmet":5,"travelersbackpack:standard":6,"minecraft:smithing_table":1,"minecraft:bucket":1,"minecraft:birch_planks":24,"minecraft:bread":138,"minecraft:air":0,"minecraft:white_wool":6,"minecraft:iron_chestplate":4,"minecraft:wooden_hoe":1,"minecraft:stick":8,"minecraft:iron_ingot":27,"minecraft:iron_block":3,"minecraft:iron_leggings":5},"minecraft:mined":{"minecraft:dark_oak_planks":2,"techreborn:sapphire_ore":1,"minecraft:spruce_planks":3,"minecraft:dark_oak_leaves":1,"minecraft:granite":19,"minecraft:purple_terracotta":2,"minecraft:stone_brick_wall":1,"archon:cloud_iron":5,"minecraft:jungle_planks":1,"minecraft:coal_block":1,"archon:sky_node":5,"minecraft:spawner":10,"minecraft:gilded_blackstone":4,"minecraft:hay_block":49,"minecraft:furnace":3,"minecraft:iron_ore":1,"treechop:chopped_log":9,"minecraft:granite_slab":2,"minecraft:enchanting_table":1,"minecraft:bookshelf":2,"bewitchment:salt_ore":1,"minecraft:iron_bars":3,"minecraft:light_gray_concrete":3,"minecraft:iron_block":1,"minecraft:stone":21,"minecraft:smithing_table":1,"minecraft:oak_slab":3,"promenade:sakura_log":1,"lootr:lootr_chest":1,"minecraft:blackstone":1,"minecraft:brown_carpet":1,"minecraft:basalt":2,"minecraft:polished_granite":3,"minecraft:rose_bush":1,"minecraft:tall_grass":1,"minecraft:red_glazed_terracotta":1,"promenade:sakura_planks":4,"minecraft:damaged_anvil":4,"minecraft:oak_planks":2,"minecraft:bricks":13,"minecraft:blue_bed":1,"minecraft:birch_log":1,"minecraft:magenta_terracotta":5,"minecraft:spruce_log":1,"minecraft:birch_leaves":15,"minecraft:stone_brick_stairs":1,"regions_unexplored:sandy_grass":1,"minecraft:grass":1,"minecraft:coal_ore":8,"minecraft:sand":24,"minecraft:cobweb":27,"minecraft:terracotta":2,"minecraft:stone_bricks":5,"minecraft:polished_andesite":43,"minecraft:oak_leaves":2},"minecraft:dropped":{"minecraft:bread":64,"minecraft:purple_terracotta":2,"minecraft:wheat_seeds":1,"minecraft:porkchop":1,"minecraft:magenta_carpet":1,"minecraft:brown_mushroom":2,"adventurez:gilded_blackstone_shard":2,"rogues:rogue_armor_legs":2,"frostiful:wolf_fur_tuft":2,"paladins:prior_robe_head":1,"minecraft:dark_oak_sapling":3,"minecraft:crossbow":2,"minecraft:iron_helmet":2,"minecraft:golden_axe":1,"rogues:warrior_armor_head":1,"minecraft:cobblestone":5,"promenade:sakura_planks":13,"archon:sky_essence":4,"minecraft:granite":1,"techreborn:rubber_sapling":2,"travelersbackpack:standard":5,"minecraft:red_mushroom":5,"techreborn:basic_machine_frame":2,"minecraft:stick":2,"rogues:iron_sickle":2,"rogues:iron_glaive":1,"techreborn:rubber_log":7,"croptopia:lemon":11,"minecraft:mutton":4,"minecraft:rose_bush":3,"minecraft:potion":1,"minecraft:iron_leggings":3,"minecraft:gold_nugget":6,"minecraft:phantom_membrane":1,"minecraft:chainmail_leggings":1,"minecraft:string":6,"ftbquests:book":1,"minecraft:bucket":1,"twigs:twig":10,"minecraft:bone":3,"paladins:priest_robe_head":1,"bewitchment:salt":1,"promenade:cotton_sakura_sapling":6,"minecraft:stone_sword":1,"minecraft:birch_sapling":4,"minecraft:raw_iron":1,"minecraft:rotten_flesh":5,"minecraft:oak_planks":2,"minecraft:iron_boots":3,"minecraft:honey_bottle":13,"paladins:holy_staff":1,"minecraft:tipped_arrow":6,"minecraft:shield":2,"simplyswords:diamond_katana":1,"minecraft:gunpowder":1,"botania:lexicon":1,"minecraft:bundle":1,"minecraft:skeleton_skull":1,"minecraft:iron_chestplate":5,"minecraft:oak_sapling":5,"rogues:iron_dagger":1,"minecraft:golden_sword":1,"minecraft:stone_bricks":2,"minecraft:basalt":2,"minecraft:blue_orchid":6,"minecraft:arrow":7,"minecraft:bow":3,"minecraft:beef":13,"minecraft:wooden_pickaxe":1,"minecraft:raw_gold":2,"minecraft:stone_brick_stairs":1,"botania:black_lotus":1,"minecraft:polished_granite":6,"minecraft:purple_carpet":5},"minecraft:broken":{"minecraft:iron_boots":3,"minecraft:iron_chestplate":2,"minecraft:iron_leggings":3,"minecraft:golden_axe":1,"minecraft:iron_sword":1,"minecraft:iron_helmet":5},"minecraft:custom":{"minecraft:interact_with_smithing_table":14,"minecraft:mob_kills":130,"lootr:looted_stat":96,"minecraft:interact_with_crafting_table":49,"minecraft:bell_ring":9,"minecraft:damage_dealt_resisted":0,"minecraft:leave_game":2,"minecraft:time_since_death":46656,"minecraft:damage_resisted":0,"minecraft:climb_one_cm":9114,"minecraft:sprint_one_cm":743063,"minecraft:walk_one_cm":288661,"minecraft:damage_blocked_by_shield":651,"minecraft:drop":126,"minecraft:play_noteblock":1,"minecraft:play_time":227839,"minecraft:sneak_time":18158,"minecraft:deaths":5,"minecraft:walk_under_water_one_cm":49630,"minecraft:interact_with_brewingstand":3,"minecraft:jump":3691,"minecraft:walk_on_water_one_cm":97416,"minecraft:total_world_time":227839,"minecraft:interact_with_furnace":17,"minecraft:hex":0,"minecraft:sleep_in_bed":5,"minecraft:time_since_rest":1679,"minecraft:damage_taken":9343,"minecraft:damage_absorbed":1829,"minecraft:damage_dealt":47840,"minecraft:player_kills":1,"minecraft:swim_one_cm":101713,"minecraft:fly_one_cm":750356,"minecraft:open_chest":4,"minecraft:crouch_one_cm":46083,"minecraft:fall_one_cm":113608},"minecraft:used":{"minecraft:stone_sword":34,"minecraft:ladder":2,"minecraft:chest":1,"minecraft:spruce_planks":3,"minecraft:shield":5,"minecraft:iron_sword":282,"minecraft:mutton":5,"simplyswords:diamond_rapier":98,"minecraft:jungle_planks":1,"minecraft:granite":18,"minecraft:dark_oak_planks":76,"minecraft:bricks":6,"friendsandfoes:totem_of_illusion":7,"minecraft:iron_block":1,"spellbladenext:fire_claymore":1260,"minecraft:iron_helmet":1,"minecraft:totem_of_undying":2,"minecraft:item_frame":1,"minecraft:stone_bricks":3,"minecraft:brown_carpet":1,"minecraft:oak_sapling":2,"minecraft:furnace":2,"rogues:iron_glaive":7,"comforts:sleeping_bag_white":1,"minecraft:golden_axe":31,"minecraft:water_bucket":79,"techreborn:basic_machine_frame":1,"minecraft:damaged_anvil":2,"minecraft:birch_planks":23,"minecraft:polished_andesite":42,"minecraft:oak_planks":11,"minecraft:wooden_pickaxe":25,"minecraft:red_glazed_terracotta":1,"minecraft:golden_apple":2,"minecraft:white_wool":3,"minecraft:terracotta":2,"minecraft:oak_slab":3,"minecraft:crafting_table":7,"minecraft:stone_brick_wall":1,"promenade:sakura_planks":88,"minecraft:wooden_hoe":49,"minecraft:iron_pickaxe":155,"minecraft:bread":92,"minecraft:granite_slab":3,"paladins:diamond_kite_shield":5,"rogues:rogue_armor_legs":1,"travelersbackpack:standard":7,"minecraft:smithing_table":2,"minecraft:bucket":80,"mcdw:hammer_great_hammer":37,"minecraft:experience_bottle":20},"minecraft:killed":{"minecraft:vex":10,"minecraft:evoker":5,"minecraft:cave_spider":13,"graveyard:skeleton_creeper":1,"minecraft:vindicator":26,"minecraft:spider":1,"mythicmobs:kobold":4,"minecraft:skeleton":7,"minecraft:silverfish":1,"minecraft:illusioner":9,"minecraft:piglin_brute":2,"minecraft:piglin":1,"minecraft:pig":1,"graveyard:ghoul":3,"naturalist:bear":1,"minecraft:creeper":1,"minecraft:sheep":4,"minecraft:pillager":21,"minecraft:zombie":4,"minecraft:player":1,"minecraft:cow":10},"minecraft:picked_up":{"minecraft:iron_chestplate":2,"minecraft:ladder":2,"simplyswords:diamond_katana":1,"minecraft:smithing_table":1,"minecraft:magenta_carpet":1,"minecraft:brown_mushroom":7,"friendsandfoes:totem_of_illusion":11,"minecraft:stone_brick_wall":1,"minecraft:potion":1,"minecraft:gilded_blackstone":2,"paladins:holy_staff":1,"minecraft:stone_brick_stairs":1,"minecraft:shield":1,"minecraft:string":42,"minecraft:iron_leggings":1,"minecraft:item_frame":1,"minecraft:blackstone":1,"promenade:sakura_log":30,"minecraft:gold_nugget":6,"comforts:sleeping_bag_white":1,"minecraft:spruce_planks":3,"minecraft:beef":18,"minecraft:redstone_torch":1,"techreborn:rubber_log":7,"minecraft:iron_nugget":10,"minecraft:coal_block":1,"minecraft:chest":1,"minecraft:birch_sapling":4,"minecraft:iron_boots":1,"minecraft:furnace":3,"minecraft:dark_oak_sapling":7,"minecraft:raw_iron":1,"minecraft:porkchop":1,"minecraft:golden_axe":1,"fwaystones:waystone":1,"minecraft:dark_oak_planks":2,"minecraft:purple_terracotta":2,"botania:black_lotus":1,"minecraft:brown_carpet":1,"promenade:sakura_planks":5,"minecraft:arrow":19,"archon:sky_essence":4,"minecraft:rotten_flesh":6,"minecraft:hay_block":46,"minecraft:iron_block":1,"minecraft:totem_of_undying":5,"minecraft:mutton":10,"minecraft:iron_bars":2,"minecraft:cobblestone":21,"minecraft:white_wool":5,"minecraft:birch_log":6,"minecraft:enchanting_table":1,"minecraft:basalt":2,"rogues:iron_sickle":1,"minecraft:leather":8,"minecraft:red_glazed_terracotta":1,"minecraft:red_mushroom":7,"promenade:cotton_sakura_sapling":6,"minecraft:oak_log":4,"adventurez:gilded_blackstone_shard":2,"minecraft:gunpowder":1,"minecraft:blue_bed":1,"minecraft:polished_granite":6,"minecraft:name_tag":1,"minecraft:purple_carpet":5,"minecraft:bone":4,"minecraft:apple":3,"minecraft:stone_bricks":5,"minecraft:bow":1,"minecraft:wheat_seeds":1,"minecraft:iron_ingot":7,"mythicmobs:bronze_ingot":3,"twigs:twig":12,"minecraft:oak_planks":2,"minecraft:book":3,"minecraft:oak_slab":3,"minecraft:sand":24,"minecraft:jungle_planks":1,"bewitchment:salt":1,"minecraft:granite_slab":3,"minecraft:spruce_log":1,"techreborn:rubber_sapling":4,"minecraft:dark_oak_log":34,"minecraft:spider_eye":2,"travelersbackpack:standard":4,"minecraft:bundle":1,"minecraft:light_gray_concrete":1,"minecraft:polished_andesite":42,"croptopia:lemon":11,"minecraft:granite":19,"frostiful:wolf_fur_tuft":2,"minecraft:emerald":19,"minecraft:terracotta":2,"minecraft:damaged_anvil":4,"minecraft:oak_sapling":7,"minecraft:bricks":12,"minecraft:coal":8}},"DataVersion":3465}